{"schemaVersion":"1.0","appDefinitionTemplate":{"id":"/providers/Microsoft.PowerApps/apps/","type":"Microsoft.PowerApps/apps","tags":{"primaryDeviceWidth":"1366","primaryDeviceHeight":"768","supportsPortrait":"true","supportsLandscape":"true","primaryFormFactor":"Tablet","publisherVersion":"3.22081.14","minimumRequiredApiVersion":"2.2.0","hasComponent":"false","hasUnlockedComponent":"false","isUnifiedRootApp":"false","sienaVersion":"20220817T035748Z-3.22081.14.0"},"properties":{"appVersion":"2022-08-17T03:57:48Z","lifeCycleId":"Published","createdByClientVersion":{"major":3,"minor":22081,"build":14,"revision":0,"majorRevision":0,"minorRevision":0},"minClientVersion":{"major":3,"minor":22081,"build":14,"revision":0,"majorRevision":0,"minorRevision":0},"backgroundColor":"rgba(99, 139, 44, 1)","backgroundImageUri":"/4369246142683172759/N1df82f8d-87c4-4e1f-be3b-e582bc975121-logoSmallFile","displayName":"ID Scanner","description":"","commitMessage":"","appUris":{"documentUri":{"value":"/4369246142683172759/N58923580-c494-4901-9e2b-6fdf57242c37-document.msapp"},"imageUris":[],"additionalUris":[]},"createdTime":"0001-01-01T00:00:00Z","lastModifiedTime":"0001-01-01T00:00:00Z","sharedGroupsCount":0,"sharedUsersCount":0,"icons":{"smallIconUri":"/4369246142683172759/Nbad99d0e-d309-4a31-89a5-33165ea142cb-small.png","mediumIconUri":"/4369246142683172759/N5d07461f-3016-4777-8c22-aa46beec3d22-medium.png","largeIconUri":"/4369246142683172759/Nd56945a1-f6bd-404d-9f94-b9c8f0aa64fc-large.png","wideIconUri":"/4369246142683172759/Na2b92fb7-86c4-4d7d-8b08-9211adce0953-wide.png"},"connectionReferences":{},"databaseReferences":{"default.cds":{"databaseDetails":{"referenceType":"NotSpecified","environmentName":"default.cds","overrideValues":{"status":"NotSpecified"}},"dataSources":{"43b0dc67-68af-47ae-9a9c-9e69d396ba3e":{"entitySetName":"msdyn_aimodels","logicalName":"msdyn_aimodel"}},"components":[{"componentName":"msdyn_AIModel","identifier":"2c444168-f8b1-4c6a-9313-2d9c03be6fea","identifierType":"UniqueId"}],"actions":["providers/PowerPlatform.Governance/Operations/Read"]}},"almMode":"Environment","performanceOptimizationEnabled":true,"canConsumeAppPass":true,"executionRestrictions":{"isTeamsOnly":false,"dataLossPreventionEvaluationResult":{"status":"Compliant","lastEvaluationDate":"2022-08-17T03:58:05.4095643Z","violations":[],"violationsByPolicy":[],"violationErrorMessage":"The app uses the following connectors: shared_commondataservice."}}},"appType":"ClassicCanvasApp","appComponents":[]}}